file_key,target,hemisphere,neuron,firing_rate,burst_index,cv,burst_durations,spike_power
neuron_001,STN,R,STN,66.63814663683033,2.780867584693718,0.547945205479452,"(0.21239999999999987, 0.21799999999999997, 0.14499999999999988, 0.15116666666666664)","(-11.52275355374886, -15.091985578730558, -9.26670979470501, -12.611794515414267)"
neuron_002,GPi,L,BOR,51.339916072552164,12.587939942208912,0.507537688442211,"(0.16666666666666696, 0.2144999999999996, 0.16699999999999982, 0.15719999999999948)","(-13.488602110905376, -13.633038069369103, -14.36037043479879, -14.324283077837078)"
neuron_003,GPi,R,BOR,43.504611879035075,2.9146233728351087,0.5622317596566524,"(0.15200000000000014, 0.11399999999999999, 0.11200000000000039, 0.1452500000000001)","(-13.761218089552617, -12.923233969759924, -12.739092090650054, -12.219130543004686)"
neuron_004,GPi,L,BOR,80.59399618927543,2.4343153188780198,0.4852941176470588,"(0.0, 0.126, 0.13221052631578925, 0.1449473684210522)","(-15.50563541076092, -14.452351271228686, -12.168187229598907, -12.735551332737685)"
neuron_005,GPi,L,BOR,81.72669804446721,3.8436210456853024,0.5656565656565656,"(0.10299999999999931, 0.0, 0.18242857142857175, 0.21299999999999997)","(-15.459851960504295, -13.063757219472151, -12.530806414077109, -7.706385292673598)"
neuron_006,GPi,L,BOR,90.55149596753829,2.691922605358254,0.4954954954954955,"(0.11900000000000066, 0.19719999999999976, 0.14888888888888877, 0.17366666666666664)","(-14.708455204789889, -12.742884118944833, -13.515197468876263, -12.475104673594299)"
neuron_007,GPi,L,HFD,109.89894657839014,3.1295606503715927,0.38461538461538464,"(0.1259999999999999, 0.19600000000000017, 0.1175000000000001, 0.1326666666666667)","(-12.263592035890694, -13.093622849856983, -12.614536906657907, -14.081758528248745)"
neuron_008,GPi,L,BOR,93.90386274808387,2.637248387921792,0.5044642857142857,"(0.0, 0.0, 0.12159999999999975, 0.13200000000000017)","(-14.227534223757178, -14.581698045029711, -12.233386414078902, -11.579423058849157)"
neuron_009,GPi,R,BOR,30.678481480440087,3.7407118656940836,0.6642599277978339,"(0.198, 0.13333333333333286, 0.14045454545454517, 0.1361111111111113)","(-13.077459083104587, -13.179200708415593, -12.819924683905601, -12.427035285200851)"
neuron_010,GPi,L,BOR,71.75153217117929,2.723428810883587,0.5434782608695652,"(0.0, 0.0, 0.11599999999999999, 0.11300000000000021)","(-12.17958989392994, -14.352999618133335, -13.976090245785082, -9.068889252544956)"
neuron_011,STN,L,SNr,73.21149988856698,2.1773014360956227,0.2953020134228188,"(0.0, 0.0, 0.0, 0.16999999999999993)","(-14.092676021486671, -15.065496240432832, -14.984586194543962, -12.63285944822924)"
neuron_012,GPi,L,BOR,73.2403962056496,3.5404943092117462,0.5092592592592593,"(0.23499999999999993, 0.23371428571428554, 0.20555555555555546, 0.19657142857142862)","(-12.76092770645336, -15.246288264438741, -10.928969179308902, -15.119430333934702)"
neuron_013,GPi,R,HFD,125.16244487526366,2.3192044048578606,0.37349397590361444,"(0.15299999999999941, 0.154, 0.15700000000000022, 0.13400000000000034)","(-12.946591163418354, -14.529507031890143, -14.5749946200632, -13.831331397353107)"
neuron_014,GPi,L,HFD,60.45633866929673,2.1198606103491215,0.2837209302325581,"(0.0, 0.0, 0.0, 0.0)","(-16.764454860083415, -16.624308560447208, -16.403755268391144, -14.366893355280299)"
neuron_015,STN,L,SNr,138.90464717385356,2.345952005759168,0.3287671232876712,"(0.16240000000000002, 0.1805714285714286, 0.16066666666666674, 0.15525000000000005)","(-12.465696903966334, -15.07802924052462, -14.340589236752379, -13.853236964777608)"
neuron_016,GPi,L,BOR,65.5682782354947,3.2686276036155864,0.5214285714285715,"(0.15800000000000003, 0.2295999999999995, 0.14115789473684212, 0.1620000000000006)","(-11.576939164271076, -14.459772458327913, -13.381058557028602, -13.553238030833652)"
neuron_017,GPi,R,HFD,60.746893355176425,2.741127025861822,0.4327485380116959,"(0.17599999999999993, 0.1726666666666666, 0.14863636363636362, 0.16474999999999956)","(-15.099160006583553, -13.780459317393223, -13.224107233742997, -12.450769988419045)"
neuron_018,GPi,R,BOR,71.03738221335719,4.250622982918265,0.5981308411214953,"(0.25279999999999986, 0.18399999999999994, 0.1489, 0.15458823529411767)","(-12.528938712878524, -13.31245669736206, -12.117254447368296, -12.553090915652135)"
neuron_019,GPi,R,BOR,89.06889059304706,3.2280994456454613,0.4803921568627451,"(0.19057142857142825, 0.16933333333333378, 0.133625, 0.15769999999999978)","(-12.964969991870486, -12.992303743549321, -13.746876469422189, -12.505197993559133)"
neuron_020,STN,L,SNr,88.41948757997179,1.885289040910806,0.3181818181818182,"(0.11400000000000005, 0.0, 0.2200000000000002, 0.1405)","(-14.185563696136239, -14.611420699838856, -11.696589913478451, -10.182148211147998)"
neuron_021,GPi,R,BOR,49.328889021160094,5.133524439427036,0.5813008130081301,"(0.5290000000000008, 0.3706666666666661, 0.14600000000000007, 0.18466666666666676)","(-6.968061306376278, -12.339106427481504, -14.824740440459255, -12.052532680879304)"
neuron_022,GPi,L,BOR,47.673405827702716,11.277354825264585,0.6692307692307692,"(0.2519999999999999, 0.22299999999999975, 0.13449999999999995, 0.16777777777777775)","(-10.923220226277406, -12.92438374623291, -13.046845772857274, -12.48407817862911)"
neuron_023,GPi,R,BOR,61.85004036279027,3.253971216036063,0.483974358974359,"(0.19800000000000006, 0.0, 0.12639999999999993, 0.1556000000000001)","(-11.548974718834247, -14.311253695110697, -14.32357612220808, -13.319106707155534)"
neuron_024,GPi,L,HFD,78.45320008462369,2.418256064891003,0.4244604316546763,"(0.0, 0.0, 0.108, 0.1313333333333332)","(-11.973930427536457, -14.790977652144138, -14.318438247741543, -11.978052509944316)"
neuron_025,GPi,L,HFD,103.64072864072865,2.277789512471431,0.45893719806763283,"(0.10200000000000001, 0.0, 0.13599999999999995, 0.12399999999999999)","(-14.771722100487763, -13.940827598729747, -13.145831084325328, -12.568453756251966)"
neuron_026,GPi,L,BOR,95.24645736623505,2.6091277262753887,0.4594594594594595,"(0.0, 0.16000000000000003, 0.14399999999999968, 0.16200000000000017)","(-12.19949505363788, -13.787237596017734, -13.638349271851485, -13.935745097229992)"
neuron_027,GPi,L,BOR,53.38168325181313,2.6004814273102244,0.5098039215686274,"(0.0, 0.0, 0.12199999999999997, 0.12275000000000011)","(-14.205997975987996, -13.990779710022224, -13.14028725470428, -12.964727060128311)"
neuron_028,STN,R,SNr,117.92452830188681,3.6547705778557047,0.39436619718309857,"(0.34825000000000006, 0.27, 0.16866666666666652, 0.11399999999999999)","(-8.438056743730156, -12.717725138869358, -16.328640053033688, -18.088537255456817)"
neuron_029,GPi,L,BOR,72.67295963639431,4.99269614959285,0.4672897196261682,"(0.27075000000000005, 0.2580000000000002, 0.1545833333333333, 0.15182608695652156)","(-9.980883307631686, -13.100832573144084, -15.448666658034488, -15.913040123407573)"
neuron_030,GPi,L,BOR,67.5887909178614,3.3649972710081455,0.5402298850574713,"(0.15699999999999958, 0.1180000000000001, 0.1570909090909092, 0.13828571428571432)","(-13.185522227749818, -13.731458723405158, -12.707965555515186, -13.88930344904746)"
neuron_031,STN,R,SNr,87.27557708748932,2.524506578381161,0.44166666666666665,"(0.0, 0.0, 0.12400000000000011, 0.13599999999999968)","(-14.461661223759963, -14.04622394481797, -12.792784852903097, -11.683104276486475)"
neuron_032,GPi,L,HFD,118.84020021552378,2.389689707500843,0.4235294117647059,"(0.124, 0.17000000000000004, 0.15450000000000003, 0.14400000000000004)","(-13.641068549614472, -13.147301593023252, -13.820047131160955, -12.028384066622914)"
neuron_033,GPi,R,BOR,86.52524381613945,2.9926031085853895,0.5185185185185185,"(0.13999999999999968, 0.0, 0.14563636363636356, 0.14799999999999994)","(-12.423070916119583, -13.383654198652808, -12.710416937688686, -12.629606657339327)"
neuron_034,GPi,L,HFD,104.26814818715607,2.4160115761596566,0.40594059405940597,"(0.14933333333333323, 0.10200000000000031, 0.12093333333333334, 0.1475384615384617)","(-14.076799740392506, -15.643224318459731, -6.456009710264858, -14.059160002368401)"
neuron_035,GPi,L,BOR,89.3891574447685,4.425046175991217,0.48936170212765956,"(0.28525, 0.35839999999999994, 0.1775384615384616, 0.16800000000000012)","(-9.986004629005592, -13.400756306643654, -14.723918195679973, -15.101082667128065)"
neuron_036,GPi,R,BOR,63.70848577275925,3.6247595195279927,0.5205479452054794,"(0.20711111111111144, 0.14733333333333312, 0.1477142857142859, 0.14199999999999965)","(-11.725867566212525, -15.1550754254498, -13.848751387977266, -12.970671562125213)"
neuron_037,GPi,R,BOR,58.32037325038881,3.379192601039612,0.58656330749354,"(0.0, 0.0, 0.1645000000000002, 0.16079999999999997)","(-15.627110151607159, -15.76037795614697, -14.538723228606411, -11.97578244370031)"
neuron_038,GPi,R,BOR,65.71239748865993,4.018073758456542,0.5909090909090909,"(0.19533333333333344, 0.10300000000000015, 0.12933333333333324, 0.166)","(-13.369251150664788, -13.130922791270299, -13.589656143175477, -12.870240576010241)"
neuron_039,GPi,R,BOR,82.489726085795,2.979040787360405,0.5603448275862069,"(0.0, 0.13900000000000023, 0.13425000000000004, 0.13854545454545455)","(-13.53111502944076, -15.207170071482478, -13.5070097885571, -12.172277257912468)"
neuron_040,GPi,R,BOR,33.41508154082661,4.986616731834887,0.665158371040724,"(0.26218181818181835, 0.25100000000000044, 0.14670588235294119, 0.17600000000000018)","(-10.903173643300255, -11.480753558506503, -13.806709853045625, -14.346286973077127)"
neuron_041,GPi,R,BOR,76.52351358872092,2.87918396722923,0.4846153846153846,"(0.15599999999999997, 0.0, 0.13833333333333334, 0.20127272727272724)","(-12.267682042338137, -15.065091625267126, -13.269802204235372, -10.343618023861508)"
neuron_042,GPi,L,BOR,47.48625929518268,4.940028666814431,0.5513196480938416,"(0.2250000000000001, 0.11400000000000077, 0.1733333333333332, 0.15399999999999983)","(-10.935658997773238, -13.240942420050978, -13.282738080197742, -13.551035271478893)"
neuron_043,GPi,L,BOR,30.143981842683882,5.246651463095446,0.5926680244399185,"(0.2545714285714285, 0.2524000000000002, 0.18907692307692317, 0.15833333333333333)","(-12.29587376120923, -13.124497938319, -13.090884661702418, -11.620276571125528)"
neuron_044,GPi,L,BOR,46.91672512029141,4.498413213167382,0.5777777777777777,"(0.0, 0.12466666666666686, 0.14375000000000016, 0.1873333333333334)","(-13.29394173874218, -11.642076291090738, -13.621308142363333, -11.723256327241657)"
neuron_045,GPi,L,BOR,66.19139221240435,2.497552544256352,0.5411764705882353,"(0.0, 0.0, 0.11599999999999988, 0.14400000000000013)","(-14.480582538289493, -16.172001185009183, -10.169427025412382, -15.120396492987753)"
neuron_046,GPi,L,HFD,60.48228733013904,2.075976684544533,0.4429347826086957,"(0.0, 0.0, 0.11399999999999966, 0.13166666666666652)","(-15.132871597281866, -16.341369745738433, -15.49319158190415, -11.750960412184543)"
neuron_047,GPi,L,BOR,79.4237850954682,3.85247722501182,0.5272727272727272,"(0.16999999999999993, 0.12199999999999989, 0.13449999999999995, 0.1253333333333331)","(-12.453717685592807, -15.999168165789953, -16.373080155621732, -15.865441030588483)"
neuron_048,GPi,L,BOR,49.374499855850715,2.9363473306721484,0.5666666666666667,"(0.16949999999999987, 0.15799999999999947, 0.13179999999999992, 0.160888888888889)","(-14.436155523758325, -14.931222250728204, -14.164039858995261, -12.75563260998659)"
neuron_049,GPi,L,BOR,66.1160468059948,2.8886750211950187,0.5202702702702703,"(0.118, 0.11799999999999855, 0.1484285714285715, 0.14299999999999952)","(-13.65503014248011, -16.128399514974973, -13.583689391378167, -9.334675234440864)"
neuron_050,GPi,L,BOR,57.77022749335247,2.2078304140599374,0.4881889763779528,"(0.18400000000000016, 0.20400000000000063, 0.2120000000000002, 0.13999999999999999)","(-13.747229989675114, -15.794322157214749, -11.074301950770973, -13.55652598342381)"
neuron_051,GPi,L,BOR,58.40563939558814,3.45072781663981,0.5878787878787879,"(0.22266666666666687, 0.24600000000000039, 0.23977777777777767, 0.1390476190476193)","(-13.836301027127291, -15.277904474796276, -8.171416472750334, -15.735262916804169)"
neuron_052,GPi,L,BOR,73.06576649642344,2.847279244673249,0.32919254658385094,"(0.0, 0.129, 0.16066666666666676, 0.14959999999999996)","(-16.982751732169163, -16.163721801201767, -13.82000913483119, -14.425637340598039)"
neuron_053,GPi,R,BOR,75.25307712924975,4.5147052364176,0.7379912663755459,"(0.2160000000000002, 0.2030000000000001, 0.1491111111111111, 0.18333333333333346)","(-13.346132151710048, -14.138260983487871, -13.102467453890625, -12.769672841237494)"
neuron_054,GPi,R,BOR,50.16992619156834,5.325100731711213,0.6122448979591837,"(0.25866666666666677, 0.4980000000000002, 0.13857142857142848, 0.14133333333333334)","(-9.405498082234395, -13.036534784053938, -13.770670849065516, -12.870349154469462)"
neuron_055,GPi,R,BOR,96.14887818235835,4.466423465128055,0.5813953488372093,"(0.27199999999999996, 0.19199999999999995, 0.15525, 0.14564705882352963)","(-12.442352745333771, -14.643448978577819, -14.351334240131933, -12.746973416735692)"
neuron_056,GPi,L,BOR,53.90332710617391,3.510614588315425,0.5692307692307692,"(0.30999999999999994, 0.16799999999999993, 0.12533333333333335, 0.17536000000000004)","(-13.516507701255518, -15.163197338035836, -12.54285676588356, -10.124574818281673)"
neuron_057,GPi,L,BOR,86.96112699925857,2.9079689786580456,0.5483870967741935,"(0.17999999999999972, 0.16399999999999992, 0.1363333333333335, 0.15763636363636377)","(-16.10875229549317, -15.414419530757238, -13.772918888943435, -15.126843374210356)"
neuron_058,GPi,R,BOR,85.35284255448866,4.3016289517122885,0.6483516483516484,"(0.132, 0.0, 0.1579999999999997, 0.16066666666666674)","(-12.384476288677641, -12.942492376806506, -13.423030413136445, -10.938692466566968)"
neuron_059,GPi,R,BOR,59.058551202574805,4.470085587037363,0.5523809523809524,"(0.1665000000000001, 0.1979999999999995, 0.12399999999999967, 0.13840000000000036)","(-11.62394124380313, -13.596073264714377, -15.104138339834495, -13.864304618935464)"
neuron_060,GPi,L,BOR,84.16494475999866,3.0999180670290003,0.5945945945945946,"(0.1279999999999999, 0.14533333333333417, 0.15784615384615355, 0.14999999999999997)","(-14.306176531092913, -14.652876739115088, -13.729067075825292, -13.269320644177043)"
neuron_061,GPi,L,BOR,71.76106217341862,3.324667543995198,0.6348547717842323,"(0.19266666666666632, 0.1293333333333333, 0.1713846153846156, 0.16041176470588217)","(-14.257569754650032, -16.377564736341263, -10.204750339019675, -14.049368316635869)"
neuron_062,GPi,L,BOR,70.71677978735926,3.5444790726221465,0.6774193548387096,"(0.1680000000000002, 0.24666666666666684, 0.14090909090909098, 0.1955000000000001)","(-13.125812264136648, -13.319871347593317, -12.949120651676813, -12.911437070933495)"
neuron_063,STN,R,SNr,90.93581989247312,2.7065241381944265,0.36036036036036034,"(0.23399999999999999, 0.42199999999999993, 0.1614285714285715, 0.1353333333333333)","(-13.00725773832369, -12.47632645622421, -11.461661766687248, -15.259500176117719)"
neuron_064,STN,L,SNr,86.28479462748496,1.5969192886908274,0.23529411764705882,"(0.18320000000000008, 0.16699999999999982, 0.1524000000000001, 0.1440000000000003)","(-13.050138970632572, -15.349737741959954, -15.247022055895332, -14.91098442501951)"
neuron_065,STN,R,SNr,87.18431168999693,2.4662603044499085,0.3162393162393162,"(0.0, 0.1299999999999999, 0.16800000000000004, 0.11599999999999966)","(-12.716964149289486, -14.083426796062003, -12.013705165301417, -10.584485608806876)"
neuron_066,STN,L,SNr,88.90173462410482,2.556990949880134,0.39090909090909093,"(0.1669999999999996, 0.1839999999999998, 0.14747826086956534, 0.14716666666666695)","(-13.675814143900846, -15.350532887467402, -13.263250477804572, -13.801376832145873)"
neuron_067,STN,R,SNr,98.93705654697916,2.9363113362966686,0.4479166666666667,"(0.0, 0.0, 0.10399999999999965, 0.12880000000000003)","(-12.254075828033638, -15.588442976296605, -12.380553179911836, -13.767540575863173)"
neuron_068,STN,L,SNr,71.48802491676513,2.4680982310234056,0.3642611683848797,"(0.0, 0.1499999999999999, 0.0, 0.14000000000000012)","(-12.245499535371664, -14.119252370575428, -15.701941270403827, -14.623729944928492)"
neuron_069,GPi,R,HFD,90.15373584428184,2.9102309537286897,0.4411764705882353,"(0.14100000000000001, 0.0, 0.11133333333333327, 0.17833333333333368)","(-13.24068980823071, -13.5565655611729, -13.165764950669072, -11.896777797108626)"
neuron_070,STN,L,SNr,115.3017290683895,1.8831836864320373,0.2604166666666667,"(0.23099999999999987, 0.15800000000000036, 0.14874999999999997, 0.13375000000000004)","(-13.319895436789654, -15.297402490384904, -15.591102998203663, -14.199371285173186)"
neuron_071,STN,R,SNr,94.63948227478383,2.128709639836202,0.2727272727272727,"(0.2031999999999999, 0.0, 0.1598181818181818, 0.17649999999999996)","(-11.721218679186427, -13.86359173488875, -11.554851088527041, -12.697812194289241)"
neuron_072,GPi,R,HFD,114.14351987785544,2.1416672794224185,0.4117647058823529,"(0.0, 0.13000000000000017, 0.16166666666666663, 0.12733333333333316)","(-13.247234891080064, -14.8778801799171, -12.999433108598257, -13.885858472348875)"
neuron_073,STN,L,SNr,132.8784937964001,2.136520041498779,0.29896907216494845,"(0.20700000000000113, 0.1200000000000001, 0.13863157894736805, 0.13624999999999976)","(-16.7458951489619, -15.618823880033158, -7.954599636802558, -15.808996249657083)"
neuron_074,STN,L,SNr,133.4684638719074,1.9728065415940952,0.34444444444444444,"(0.0, 0.0, 0.12999999999999998, 0.1359999999999999)","(-14.83125564718349, -15.461067153337316, -10.040385510781974, -14.965539500889715)"
neuron_075,STN,L,SNr,90.29844742981257,2.5545531298668944,0.5137614678899083,"(0.0, 0.0, 0.15999999999999998, 0.1200000000000001)","(-13.079367385972562, -16.49749625102117, -13.672738895978881, -13.033776551761429)"
neuron_076,STN,R,SNr,111.92100074344638,1.5852184098707223,0.25925925925925924,"(0.1759999999999997, 0.1990000000000003, 0.1433333333333332, 0.23159999999999997)","(-14.284767678785744, -16.150271890404273, -14.036295589695445, -12.823716121754526)"
neuron_077,STN,R,SNr,83.79258113377809,1.4140675003559195,0.1888111888111888,"(0.11, 0.0, 0.0, 0.0)","(-13.244436606441983, -15.191047270743525, -14.163812480044689, -13.793059754881147)"
neuron_078,STN,R,SNr,91.02501383419815,1.8456377984347254,0.35074626865671643,"(0.0, 0.0, 0.1200000000000001, 0.21799999999999997)","(-14.784575935487766, -16.964030395608212, -13.080201192655185, -14.13899810451203)"
neuron_079,GPi,L,HFD,59.98239962806762,2.8065270607939397,0.5879265091863517,"(0.2532000000000001, 0.11999999999999994, 0.11866666666666643, 0.14599999999999969)","(-10.337723106413847, -13.796184957796743, -14.395962979944505, -14.356782145796426)"
neuron_080,GPi,L,BOR,31.87948258452304,11.883560836328142,0.8529411764705882,"(0.558500000000001, 0.2375000000000005, 0.18123529411764702, 0.18036363636363648)","(-10.59348479798989, -14.21399653927538, -12.740612570783318, -15.085414407332156)"
neuron_081,GPi,L,BOR,67.40843131903988,3.0773931559170817,0.4233128834355828,"(0.18000000000000016, 0.146, 0.17600000000000016, 0.11942857142857173)","(-12.434239766758415, -14.591489874140642, -11.595017896114342, -14.29116984763165)"
neuron_082,GPi,R,BOR,57.254056487782925,4.634263699355958,0.6412213740458015,"(0.23114285714285707, 0.19999999999999982, 0.1793846153846156, 0.1844999999999998)","(-10.74937951310253, -14.105452171204156, -13.747619367342045, -13.162249622583397)"
neuron_083,STN,L,SNr,117.05811502559472,1.6142794635668756,0.2871287128712871,"(0.17600000000000016, 0.12199999999999989, 0.14119999999999963, 0.16799999999999987)","(-13.103083738109401, -14.544145789425196, -14.612668745874371, -13.821645076527727)"
neuron_084,STN,R,SNr,129.17810431131926,1.648705937100962,0.2631578947368421,"(0.0, 0.0, 0.11299999999999955, 0.1250000000000001)","(-12.672110499034373, -15.2898533499554, -15.76611781330988, -15.29794673586952)"
neuron_085,GPi,L,HFD,53.7572534434928,2.91962039109734,0.4127906976744186,"(0.17800000000000082, 0.0, 0.1160000000000001, 0.15100000000000025)","(-13.606372974242884, -13.579807400466194, -13.865125866627208, -11.43090407680494)"
neuron_086,GPi,L,HFD,89.14433464953599,3.4860319452481847,0.4020618556701031,"(0.18300000000000047, 0.15700000000000003, 0.12630769230769223, 0.1389999999999999)","(-12.354035435507768, -14.431355955075071, -13.912095588330304, -13.55469509503919)"
neuron_087,GPi,L,HFD,104.80562888125037,2.0571325022394804,0.3269230769230769,"(0.0, 0.0, 0.12299999999999994, 0.13466666666666657)","(-13.117336403577916, -14.67689501756993, -13.869832455001523, -14.402303408050862)"
neuron_088,GPi,L,HFD,96.03419033387948,2.0063187047677498,0.3076923076923077,"(0.17000000000000004, 0.0, 0.15127272727272706, 0.1588)","(-13.525339306576642, -15.123472039975184, -12.632627362107318, -13.208260862316003)"
neuron_089,GPi,L,HFD,68.98226978788838,2.048862628625082,0.4218289085545723,"(0.3328000000000001, 0.1309999999999999, 0.10899999999999999, 0.1039999999999992)","(-11.47700281593519, -14.193088489496368, -14.758350763986133, -14.422092763379696)"
neuron_090,GPi,L,HFD,66.57494546827913,4.003599570373972,0.45038167938931295,"(0.0, 0.0, 0.13200000000000042, 0.18800000000000017)","(-11.68517558132689, -14.020168581382883, -14.094597568763573, -13.925391014282422)"
neuron_091,STN,L,SNr,90.49925985735435,2.085876148082747,0.3225806451612903,"(0.0, 0.0, 0.0, 0.0)","(-14.30783752968565, -15.897294622874462, -14.803660110301669, -13.858135204879332)"
neuron_092,STN,L,SNr,58.971252517310276,2.5662752036030194,0.42011834319526625,"(0.0, 0.17799999999999994, 0.10600000000000165, 0.14100000000000013)","(-15.172489710593362, -14.044818993076262, -14.100019176896714, -13.095535561909005)"
neuron_093,STN,R,SNr,126.23865750408142,1.3732654736728944,0.21649484536082475,"(0.0, 0.0, 0.0, 0.0)","(-12.155781682248389, -15.22705982097544, -16.162198198521864, -16.881907925875844)"
neuron_094,STN,L,SNr,79.3594808126411,2.7450089106283606,0.3983739837398374,"(0.26333333333333325, 0.3596666666666666, 0.17295238095238094, 0.18166666666666664)","(-12.94514716543549, -14.198359666359384, -13.143279645529073, -13.305926071603785)"
neuron_095,STN,L,SNr,91.55002689871925,2.2609674591213422,0.3709677419354839,"(0.1599999999999997, 0.16399999999999998, 0.15657142857142858, 0.13983333333333334)","(-13.188755253057147, -16.246529236388493, -13.885983880088762, -12.653788543821026)"
neuron_096,GPi,R,BOR,87.67790644289141,6.011888131469266,0.5657894736842105,"(0.28690909090909106, 0.2670666666666664, 0.16162790697674448, 0.18054054054054072)","(-10.40382147369105, -12.117217732850591, -12.941276938725355, -14.598664327107008)"
neuron_097,STN,R,SNr,61.59493754450162,1.724454034630087,0.3,"(0.0, 0.0, 0.10599999999999987, 0.16000000000000014)","(-15.372037198447428, -15.625700873228762, -13.993207477878114, -13.517031436475321)"
neuron_098,STN,L,SNr,109.23428435779887,2.0066598380998646,0.28,"(0.18299999999999997, 0.27000000000000046, 0.1795, 0.14859999999999982)","(-12.56023228962852, -13.000612734910383, -15.090094639077364, -12.878697822145417)"
neuron_099,STN,L,SNr,108.80465302847976,2.026103085852863,0.28,"(0.16200000000000023, 0.25300000000000056, 0.16320000000000018, 0.16060000000000013)","(-12.86893511723507, -13.481797050167003, -13.02647989500118, -13.872450478400896)"
neuron_100,GPi,L,BOR,36.802978584782736,2.1979259509654514,0.45483870967741935,"(0.0, 0.1379999999999999, 0.13513043478260864, 0.14719999999999955)","(-15.960933275660912, -14.963777958742332, -12.72552192892633, -12.738048831596277)"
neuron_101,GPi,L,HFD,100.74761065286222,2.885773950979473,0.42424242424242425,"(0.18399999999999994, 0.0, 0.17533333333333356, 0.14771428571428594)","(-12.132443876315183, -16.008807522160275, -14.948330010538967, -15.441120230316141)"
neuron_102,GPi,L,HFD,132.19345251708532,1.8153718249728872,0.27058823529411763,"(0.20984615384615443, 0.21433333333333385, 0.12881250000000027, 0.14810526315789446)","(-12.837302976648616, -14.4913496793453, -15.489863803245939, -13.759393642578994)"
neuron_103,GPi,L,BOR,45.570702181288546,4.300763213151664,0.5347432024169184,"(0.21657894736842045, 0.19504347826087007, 0.15468571428571423, 0.15045569620253196)","(-12.6568791818804, -13.528443821412798, -14.606831498033927, -14.245047616980193)"
neuron_104,STN,R,SNr,90.2081727062452,1.9654972439620284,0.28225806451612906,"(0.1960000000000015, 0.0, 0.11879999999999988, 0.13733333333333345)","(-14.214875840684195, -16.22583807612279, -14.159839884406303, -11.878469224918124)"
neuron_105,STN,R,SNr,89.97162103400137,2.0115629807494755,0.28225806451612906,"(0.15399999999999991, 0.0, 0.11300000000000028, 0.15639999999999996)","(-14.73022386068251, -15.945955455595778, -14.104568511145573, -12.382686164631064)"
neuron_106,GPi,L,BOR,35.65890702343797,13.09642376212021,0.5755813953488372,"(0.29953846153846153, 0.41258823529411764, 0.24628571428571425, 0.20525925925925922)","(-12.585761186104714, -8.363214874013224, -11.93834473599279, -12.998454171346287)"
neuron_107,GPi,R,BOR,71.86766402737439,3.6977099668492945,0.4838709677419355,"(0.18100000000000052, 0.19755555555555582, 0.16045833333333334, 0.14697872340425533)","(-13.266158744612422, -15.774963299117136, -13.689658141592462, -15.626255878840672)"
neuron_108,GPi,R,BOR,66.3084746019597,6.812624905434086,0.5853658536585366,"(0.23856, 0.325769230769231, 0.20033962264150945, 0.16190243902439072)","(-9.650989686006758, -9.223639553744551, -10.522074164514418, -11.872218116462083)"
neuron_109,GPi,L,BOR,98.23008849557525,2.2358756536393978,0.3055555555555556,"(0.2, 0.0, 0.11100000000000021, 0.13224999999999967)","(-16.95650847128774, -15.67339874413191, -7.837647466183453, -16.04946774925739)"
neuron_110,STN,R,SNr,73.21149988856698,2.741583465465184,0.36619718309859156,"(0.0, 0.17933333333333315, 0.1388000000000001, 0.13685714285714295)","(-13.6569148372505, -13.117635979279461, -14.804683182592822, -12.490381435360957)"
neuron_111,GPi,R,BOR,78.16982867760241,2.930484764231294,0.5412844036697247,"(0.20316666666666686, 0.23533333333333242, 0.19033333333333333, 0.15244444444444458)","(-14.524401016277205, -13.953311213425417, -11.281033085058933, -13.236165623410406)"
neuron_112,GPi,R,BOR,38.05202749941739,3.1907536049279193,0.5770925110132159,"(0.0, 0.13699999999999998, 0.15440000000000015, 0.13200000000000003)","(-12.971718328375516, -13.254836371972903, -12.175821779682352, -12.096236775616365)"
neuron_113,GPi,R,BOR,65.22818465529122,3.1711037053974027,0.6357142857142857,"(0.2240000000000001, 0.20199999999999996, 0.16320000000000004, 0.1373333333333332)","(-13.301687094559245, -15.260587500792065, -9.136324462421682, -14.079259920080926)"
neuron_114,GPi,R,BOR,84.0670766780231,3.428105153835782,0.5963302752293578,"(0.18899999999999995, 0.0, 0.11599999999999999, 0.13000000000000012)","(-10.287884104206714, -14.803791348391432, -15.553948008670059, -15.616585905569409)"
neuron_115,STN,L,STN,41.18445178720952,2.569885522893993,0.5282258064516129,"(0.0, 0.18599999999999994, 0.14155555555555566, 0.14718750000000025)","(-13.755963912444573, -13.908528000803301, -13.619269757153738, -12.329451251563981)"
neuron_116,STN,L,SNr,82.29198415117344,2.5623109714825594,0.3112033195020747,"(0.0, 0.0, 0.0, 0.14800000000000013)","(-13.177601961552625, -14.790979351337544, -13.856831185505907, -10.571650880271191)"
neuron_117,GPi,R,HFD,102.08907557897093,1.8946938330319856,0.38392857142857145,"(0.0, 0.0, 0.11400000000000077, 0.1180000000000002)","(-14.763243251646829, -15.72650214016522, -11.98273534246139, -12.609674802456096)"
neuron_118,GPi,R,HFD,103.19846910880264,2.6225288934171633,0.43434343434343436,"(0.242, 0.0, 0.11720000000000004, 0.13799999999999996)","(-13.002796838932477, -15.122224811032911, -14.40898746031058, -12.625777505589157)"
neuron_119,GPi,L,HFD,71.01925166139783,3.5542433190861193,0.46774193548387094,"(0.17036363636363652, 0.1280000000000001, 0.1932631578947369, 0.17157142857142832)","(-13.251345812904628, -13.712743030658823, -14.286321586954667, -13.417890793329278)"
neuron_120,GPi,R,BOR,78.49523749941349,2.629605080264209,0.5076923076923077,"(0.0, 0.172, 0.13533333333333308, 0.12763636363636358)","(-13.512189307739948, -15.298654368837376, -14.184461673413239, -13.336421727499605)"
neuron_121,GPi,R,BOR,52.55080986278759,3.045049534885008,0.5741758241758241,"(0.0, 0.0, 0.1369999999999998, 0.1248)","(-12.852459159936355, -11.31187861065035, -12.374717331179816, -11.410568731764934)"
neuron_122,STN,R,SNr,112.89263493293723,2.302728062023502,0.29213483146067415,"(0.17799999999999994, 0.19599999999999995, 0.15640000000000012, 0.14815384615384605)","(-13.760837214489971, -15.462636248469426, -11.935961333770697, -11.362501642224299)"
neuron_123,STN,R,SNr,115.9329594595679,2.2919951698881373,0.27586206896551724,"(0.16320000000000007, 0.14760000000000012, 0.19487500000000013, 0.1740999999999998)","(-14.199942246793242, -15.811884823824167, -11.965373826437226, -12.532656075362)"
neuron_124,STN,R,STN,54.44106011273326,3.795800407013244,0.6359447004608295,"(0.0, 0.0, 0.1313333333333333, 0.1224000000000002)","(-12.806616829216107, -13.806831964702663, -15.206318617233768, -15.09665555697772)"
neuron_125,STN,L,STN,73.5131586879492,3.6494691719093226,0.3080357142857143,"(0.30125000000000024, 0.26819999999999955, 0.17537142857142857, 0.14650000000000007)","(-15.676739770314292, -16.251005275687415, -11.922140745446788, -17.007513565625466)"
neuron_126,STN,R,SNr,127.35025613141401,1.8934815641652294,0.3416666666666667,"(0.0, 0.0, 0.0, 0.0)","(-14.025326917263715, -14.475226123460887, -12.778366649191234, -13.397218899437044)"
neuron_127,STN,R,SNr,80.89638765920193,2.2858257977054826,0.30857142857142855,"(0.2140000000000004, 0.0, 0.14533333333333331, 0.0)","(-12.19902103077165, -15.209008698074683, -14.163008683774285, -14.20749767767525)"
neuron_128,STN,R,STN,51.275543232333334,4.160160808329129,0.5261845386533666,"(0.27771428571428547, 0.26963636363636356, 0.19407999999999997, 0.1775555555555557)","(-11.790347899664262, -13.041704149871261, -11.852418415073497, -13.825010949526309)"
neuron_129,STN,L,SNr,99.69660169854954,2.342175782028245,0.3146853146853147,"(0.0, 0.0, 0.0, 0.0)","(-13.103321351636625, -15.748705826411847, -15.002945882078587, -14.082014506432671)"
neuron_130,STN,L,SNr,105.16058200854141,1.9387846743417778,0.3115942028985507,"(0.25, 0.0, 0.0, 0.11933333333333336)","(-11.925295615707437, -16.087757220033353, -14.970822300372227, -14.111151437713424)"
neuron_131,STN,R,STN,68.65838690411809,4.816825398898877,0.5813953488372093,"(0.19066666666666623, 0.15400000000000058, 0.14549999999999993, 0.14527272727272725)","(-11.901883730593731, -14.32592909757461, -12.016972792535743, -12.877057021406085)"
neuron_132,STN,L,STN,62.81579525483304,2.707758881132953,0.5348837209302325,"(0.38799999999999957, 0.18599999999999994, 0.14199999999999946, 0.11400000000000032)","(-10.235933868098648, -14.555745572892203, -14.964543351243638, -14.456991220074105)"
neuron_133,STN,L,STN,65.7508183878459,3.923139644276533,0.45365853658536587,"(0.2352222222222219, 0.17360000000000006, 0.16095238095238104, 0.16782608695652187)","(-10.951976740119235, -15.058869521413884, -15.390713888791263, -14.881767383935259)"
neuron_134,STN,R,SNr,97.47764043814692,2.272102094250276,0.21739130434782608,"(0.16099999999999998, 0.0, 0.1990000000000001, 0.10399999999999987)","(-11.850728196154188, -14.424872565946245, -14.55184376121348, -13.764323217481124)"
neuron_135,GPi,R,HFD,107.27871094584776,3.57534569168502,0.4153846153846154,"(0.23808695652173908, 0.18705882352941156, 0.16671428571428565, 0.1474838709677419)","(-11.347494633099194, -13.219959722782482, -14.079088484646569, -15.42694423711767)"
neuron_136,GPi,L,HFD,64.95186997001736,4.509826226689534,0.5319148936170213,"(0.23492307692307696, 0.16171428571428556, 0.14010526315789493, 0.14171428571428568)","(-11.124323813375657, -13.77939467958694, -13.067700797327834, -13.623594244601007)"
neuron_137,GPi,L,HFD,90.82540656643141,3.2282837462756,0.4,"(0.2719999999999998, 0.17200000000000004, 0.12849999999999961, 0.11599999999999999)","(-10.756986546399858, -12.982612216323538, -13.090124744953744, -13.229418869644004)"
neuron_138,GPi,R,HFD,98.81550950034135,2.851529408416188,0.3924050632911392,"(0.2341428571428574, 0.197, 0.15434782608695655, 0.16063999999999992)","(-12.615387437109371, -12.732415847793796, -14.22520347296577, -14.14365727018845)"
neuron_139,GPi,L,HFD,81.08260290170611,3.6971552691592438,0.4444444444444444,"(0.344, 0.22933333333333353, 0.1568000000000001, 0.1512)","(-9.656473540648587, -11.135502814194648, -14.84884919955018, -13.904335601831084)"
neuron_140,GPi,R,HFD,94.43007491972887,3.455204108496684,0.4594594594594595,"(0.15799999999999992, 0.0, 0.11399999999999988, 0.1460000000000001)","(-11.89126153930596, -13.49361854657747, -14.536257313182109, -12.337300180349748)"
neuron_141,GPi,R,HFD,111.23161903801045,2.2735599685461403,0.37662337662337664,"(0.1726666666666663, 0.0, 0.11899999999999988, 0.15181818181818185)","(-11.048649560935932, -13.516218952691867, -14.857430968396002, -13.180984278969772)"
neuron_142,GPi,L,HFD,71.81267730871829,3.4904826216471734,0.4489795918367347,"(0.17000000000000046, 0.1630000000000001, 0.1760000000000003, 0.14914285714285708)","(-13.444682162391594, -13.917853786832698, -15.118650083506369, -14.01247491455611)"
neuron_143,GPi,R,BOR,43.65505208675529,3.2846145074836124,0.622107969151671,"(0.2506666666666663, 0.2284999999999997, 0.139111111111111, 0.20614285714285713)","(-14.67931627368548, -14.144146443146985, -11.672641829048658, -9.704886140966037)"
neuron_144,GPi,L,BOR,40.796183582826124,3.7960157286562675,0.5825242718446602,"(0.1853333333333338, 0.12199999999999989, 0.1380000000000001, 0.13100000000000012)","(-11.858102062952563, -14.854859399751986, -13.486889747720285, -13.551705788927553)"
neuron_145,STN,R,STN,59.605927201684786,3.932878317032431,0.5339805825242718,"(0.20150000000000023, 0.21424999999999977, 0.16884210526315793, 0.20170491803278684)","(-13.95068772857066, -13.844131274684411, -13.030360157776666, -12.399450799425711)"
neuron_146,STN,L,SNr,86.18961715774705,1.9874447506522013,0.32367149758454106,"(0.0, 0.0, 0.0, 0.13100000000000045)","(-15.239635775246628, -15.102392059821215, -13.591269630732835, -13.028563193822496)"
neuron_147,STN,R,STN,41.019266625233065,5.221140878639347,0.6244541484716157,"(0.23600000000000002, 0.15399999999999997, 0.0, 0.0)","(-11.027638714187862, -11.544004837032276, -14.310719272264905, -10.584381628501223)"
neuron_148,STN,L,STN,33.4033682413578,6.94491672499816,0.6774193548387096,"(0.3108333333333335, 0.2829333333333334, 0.18153846153846176, 0.16108695652173924)","(-10.659909999061552, -11.662346475747132, -12.545082572089981, -13.224523059092398)"
neuron_149,STN,L,SNr,101.95771849245904,2.905292453789447,0.36619718309859156,"(0.2779999999999996, 0.0, 0.1411999999999999, 0.1473333333333334)","(-11.610656338681542, -13.22133726433738, -13.21641928654261, -13.057139791861665)"
neuron_150,STN,L,SNr,91.20019456041506,1.8701462635924533,0.29896907216494845,"(0.11000000000000001, 0.0, 0.0, 0.10000000000000009)","(-12.73502569966993, -15.501857447942808, -16.359195910655522, -15.196476976327107)"
neuron_151,STN,L,SNr,86.01125400263216,1.9002028364764385,0.3142857142857143,"(0.0, 0.138, 0.10600000000000076, 0.14900000000000002)","(-14.133774569109276, -14.250095333563346, -13.82424372308564, -12.173637038153274)"
neuron_152,STN,L,SNr,84.37814931427106,3.325633701690469,0.4666666666666667,"(0.23800000000000007, 0.2113333333333333, 0.15105263157894755, 0.1561999999999996)","(-12.59385098026861, -15.51651668800609, -13.834413898368858, -16.998799951850355)"
neuron_153,GPi,R,HFD,79.3904731432228,3.3196358867872653,0.48863636363636365,"(0.17600000000000005, 0.15500000000000003, 0.17300000000000018, 0.12360000000000007)","(-11.526276270567681, -12.639934949019406, -12.410516286362508, -11.407609518994118)"
neuron_154,GPi,L,HFD,114.60165870821814,2.3303014037601746,0.375,"(0.15942857142857145, 0.17800000000000024, 0.17811111111111108, 0.17681818181818187)","(-11.755005518764573, -14.627012122251667, -12.800124697179706, -12.064252818012013)"
neuron_155,GPi,R,HFD,112.90162633875445,5.0534065183947146,0.32608695652173914,"(0.28748148148148145, 0.4807692307692307, 0.2767857142857143, 0.19672000000000003)","(-11.230001723244191, -7.373944553466259, -10.792562105825244, -13.754970575633)"
neuron_156,GPi,R,HFD,111.42154671434957,3.603251234355607,0.375,"(0.128, 0.1620000000000008, 0.14299999999999968, 0.11666666666666654)","(-11.242137198708114, -11.393426276136871, -12.744372753329618, -12.667992263630204)"
neuron_157,GPi,R,HFD,91.87847897525316,4.430637967135895,0.4108527131782946,"(0.3368571428571431, 0.19800000000000004, 0.1727999999999998, 0.14400000000000002)","(-10.469476181816404, -13.777193464960092, -13.493664876440413, -15.856066377258177)"
neuron_158,GPi,R,HFD,136.6746844175943,2.1757817850978864,0.27586206896551724,"(0.21040000000000014, 0.10200000000000009, 0.22866666666666657, 0.11600000000000055)","(-7.644063476561231, -14.224726172174103, -12.21253831410003, -15.258968871167028)"
neuron_159,STN,L,STN,58.49281139747779,4.488708719659646,0.4666666666666667,"(0.3151999999999999, 0.23711111111111124, 0.16272727272727297, 0.17709090909090863)","(-13.294079041028969, -15.108560241928512, -14.900767397361161, -16.115661913414915)"
neuron_160,STN,R,STN,71.470881286075,3.646485243063557,0.4583333333333333,"(0.19466666666666654, 0.24150000000000021, 0.14883333333333323, 0.17129032258064478)","(-12.863865342355629, -13.097351526413048, -12.689569973622586, -12.432860803841796)"
neuron_161,STN,R,STN,91.54760475447233,4.19612443721233,0.4230769230769231,"(0.2752000000000001, 0.40760000000000024, 0.15400000000000014, 0.1436)","(-8.895671755342022, -11.274396073759146, -12.17076951936647, -16.217490808222074)"
neuron_162,STN,R,SNr,92.71234116848265,1.9458040215526493,0.25510204081632654,"(0.14200000000000124, 0.1720000000000006, 0.11800000000000033, 0.11733333333333344)","(-13.871251988561571, -15.113614090749621, -15.284544849864359, -13.475704086509342)"
neuron_163,STN,R,SNr,87.31178963713424,2.2212836958573945,0.3,"(0.1140000000000001, 0.18999999999999995, 0.19866666666666669, 0.1422000000000001)","(-14.143300732599972, -14.773427911530334, -13.95423144947216, -10.860398824141871)"
neuron_164,GPi,R,HFD,70.4774205041418,4.610715526826231,0.5232558139534884,"(0.26285714285714307, 0.17633333333333315, 0.1769999999999999, 0.1594285714285714)","(-11.18257952290241, -12.942992983558558, -14.152272638383984, -14.36074083762092)"
neuron_165,GPi,R,HFD,50.74955761076424,4.137726694784783,0.4980392156862745,"(0.20633333333333317, 0.1549999999999998, 0.14561904761904773, 0.137125)","(-12.093292630739354, -14.026569061592697, -14.051966990794334, -15.178468960964235)"
neuron_166,GPi,R,HFD,63.47197333299916,4.14376176503312,0.4536082474226804,"(0.19820000000000004, 0.20075000000000004, 0.1595454545454544, 0.17288888888888884)","(-11.968272934314585, -13.44409707484656, -13.48155294897605, -13.806891865402031)"
neuron_167,STN,L,SNr,75.3619319351053,2.2651534522995607,0.423728813559322,"(0.16600000000000037, 0.19599999999999973, 0.11199999999999988, 0.13127272727272718)","(-14.961401229540876, -14.289085249165367, -14.259200284055405, -12.114695016519955)"
neuron_168,GPi,R,BOR,97.76473850392222,2.266936293590368,0.5604395604395604,"(0.17666666666666683, 0.15466666666666593, 0.15682352941176453, 0.15985714285714284)","(-16.464970151173308, -16.767242598440866, -10.846534452049877, -17.30673299943244)"
neuron_169,STN,R,STN,60.65001813247965,3.4209222573075246,0.48360655737704916,"(0.22538461538461535, 0.23133333333333317, 0.1808799999999999, 0.1745600000000001)","(-11.37191127981777, -13.220022467648034, -12.537946457675194, -14.26280618663229)"
neuron_170,STN,R,STN,42.44681564995638,3.7606147739049227,0.6436781609195402,"(0.27133333333333326, 0.20079999999999956, 0.1542500000000002, 0.16225)","(-13.797888689104227, -14.065996762178736, -7.481327126280003, -14.34076169706351)"
neuron_171,STN,L,STN,113.52328344265958,3.849432361318999,0.3770491803278688,"(0.28272727272727277, 0.18833333333333327, 0.20590909090909085, 0.1415000000000001)","(-12.53735315168323, -15.447718254777214, -9.960564867142786, -16.299884161411203)"
neuron_172,STN,L,STN,36.20983446932814,2.6474796139320973,0.4425531914893617,"(0.0, 0.0, 0.0, 0.12366666666666648)","(-14.303143124655744, -14.729274139426714, -13.1466788869448, -10.508819440081913)"
neuron_173,STN,L,STN,71.40059457689368,3.1847470756153657,0.504950495049505,"(0.10200000000000031, 0.0, 0.1323636363636362, 0.1316666666666667)","(-13.644765327964235, -13.624208501003917, -13.385837680461687, -12.013674920072337)"
neuron_174,STN,R,SNr,80.93476002114511,2.4069074178252685,0.5,"(0.12199999999999989, 0.0, 0.11999999999999922, 0.14499999999999957)","(-13.616129572103784, -15.299780081909756, -16.558467906917823, -16.000592604529423)"
neuron_175,STN,L,STN,32.6322046975197,2.053676951964161,0.444253859348199,"(0.1980000000000004, 0.0, 0.1519999999999997, 0.11600000000000055)","(-13.922361739670837, -14.829122819475128, -12.79210013730176, -12.195606110103345)"
neuron_176,STN,L,SNr,139.07050715674148,2.3818971865542244,0.3620689655172414,"(0.278, 0.0, 0.13, 0.11733333333333322)","(-12.474256057041037, -15.906179232850493, -19.036334246814498, -17.028684755400093)"
neuron_177,STN,L,STN,34.76271896549772,3.3886012722279046,0.5414634146341464,"(0.12600000000000017, 0.13466666666666782, 0.1569, 0.1480000000000001)","(-14.710477739537879, -13.294856763493188, -13.282848930341268, -12.46417492078262)"
neuron_178,STN,R,STN,96.11392190936073,3.4366733169923016,0.5833333333333334,"(0.11599999999999999, 0.20100000000000007, 0.21399999999999997, 0.12499999999999983)","(-13.986514052922548, -6.886090583640392, -13.226454140821595, -14.556925096829858)"
neuron_179,STN,L,STN,56.00162618152252,3.2493937184340274,0.48031496062992124,"(0.182, 0.0, 0.15400000000000022, 0.11466666666666638)","(-11.479973622501003, -12.950190252190056, -13.534240855795245, -12.706858498581061)"
neuron_180,STN,L,STN,37.763172552077535,2.608703599898823,0.5502183406113537,"(0.0, 0.15200000000000014, 0.16000000000000023, 0.15180000000000007)","(-14.179900898657763, -13.87201196587576, -13.634270399207221, -11.33447066042821)"
neuron_181,STN,R,STN,53.449783385120014,2.99397111356625,0.48214285714285715,"(0.16399999999999987, 0.3500000000000014, 0.15266666666666673, 0.15928571428571434)","(-12.669888298691962, -14.205064913231082, -11.347722935332172, -13.718009088782539)"
neuron_182,STN,L,STN,59.175306846532855,5.097414035024214,0.4666666666666667,"(0.25709090909090904, 0.14466666666666686, 0.15279999999999994, 0.1795384615384616)","(-11.785782923247512, -13.348679130051087, -13.324723438439694, -12.139260014393455)"
neuron_183,STN,R,STN,48.307283639970635,3.3452268306381376,0.5572289156626506,"(0.18999999999999975, 0.17700000000000005, 0.23343478260869577, 0.15390476190476207)","(-14.693688292279631, -14.741414921884576, -5.316213347975035, -14.772654174257573)"
neuron_184,STN,L,STN,43.14561645553744,2.8488176273374815,0.4155495978552279,"(0.17466666666666672, 0.12999999999999967, 0.11960000000000033, 0.12440000000000015)","(-13.715079447118033, -13.660471132276141, -13.976985158260288, -12.78509480149896)"
neuron_185,STN,L,STN,31.95254402430113,4.216391371121964,0.6010362694300518,"(0.15399999999999997, 0.24399999999999977, 0.14800000000000008, 0.18700000000000006)","(-12.176250359291775, -13.138749484396444, -13.616480746857816, -14.226737648541686)"
neuron_186,STN,L,STN,42.03426671781102,2.8936594060855807,0.48663101604278075,"(0.1060000000000001, 0.2306666666666668, 0.12199999999999996, 0.15999999999999984)","(-14.044542533956342, -11.851588475708946, -12.78094338438857, -12.951592312301694)"
neuron_187,STN,R,STN,66.22343552031766,3.1444184612983674,0.5263157894736842,"(0.0, 0.14500000000000002, 0.12433333333333337, 0.12599999999999992)","(-13.055122413438255, -10.427694868921238, -13.011335457207746, -13.553101970420961)"
neuron_188,STN,L,STN,50.23373104498233,2.9805491086140536,0.5686274509803921,"(0.1100000000000001, 0.4540000000000002, 0.11300000000000043, 0.14233333333333353)","(-14.689607439377221, -10.174878042860996, -13.576844119788836, -13.058209998422498)"
neuron_189,STN,R,STN,60.60061499141408,3.004449865531256,0.3888888888888889,"(0.0, 0.0, 0.14766666666666672, 0.14200000000000035)","(-13.68755742475948, -15.229277949249163, -11.089786527715548, -13.40677993290643)"
neuron_190,STN,R,STN,41.02964880574415,3.815272858215288,0.52,"(0.1060000000000001, 0.0, 0.1375000000000003, 0.134166666666667)","(-11.639747257977662, -14.739559423530938, -13.596108225021757, -13.038806171474246)"
neuron_191,STN,L,STN,96.3482100111708,2.95432722739462,0.39759036144578314,"(0.22885714285714293, 0.18866666666666698, 0.1864666666666666, 0.16305882352941184)","(-13.594251643777536, -15.959531557540046, -5.438755967265122, -14.643718687656639)"
neuron_192,STN,L,STN,36.56091520226442,4.482660755278637,0.5818181818181818,"(0.25525000000000003, 0.20133333333333323, 0.16784615384615384, 0.14181818181818182)","(-9.354918422287023, -12.317802581177862, -11.876761002805756, -12.572239644077799)"
neuron_193,STN,L,STN,70.77309998648971,3.6095627179825143,0.5747126436781609,"(0.0, 0.0, 0.13857142857142848, 0.16800000000000015)","(-13.077040445805048, -16.11382838470226, -10.63133739368055, -15.426410016259746)"
neuron_194,STN,R,SNr,88.61099390080172,2.239381534900603,0.3473684210526316,"(0.0, 0.0, 0.0, 0.12333333333333334)","(-13.66264172320074, -14.152048004511144, -14.513301931454158, -13.29720053819451)"
neuron_195,STN,L,STN,72.76677144312752,5.161348341579664,0.5652173913043478,"(0.393111111111111, 0.34259999999999996, 0.18199999999999997, 0.16663157894736846)","(-9.210692578924483, -12.31604394929243, -15.027671299411583, -16.57729793246291)"
neuron_196,STN,R,SNr,89.48780009158108,2.3849676116042615,0.37640449438202245,"(0.0, 0.0, 0.11400000000000077, 0.10799999999999994)","(-14.476288303348998, -13.853263502490528, -14.259601260409212, -11.683554715250423)"
neuron_197,STN,L,SNr,85.93604180924532,2.6708592495180903,0.3950617283950617,"(0.25, 0.21900000000000008, 0.14285714285714285, 0.1294285714285714)","(-13.715771518453604, -14.94108283308218, -13.943704980967535, -13.707931691513762)"
neuron_198,STN,L,STN,43.96296907587738,2.9926111336974337,0.5643564356435643,"(0.17199999999999993, 0.22599999999999998, 0.13933333333333323, 0.12040000000000009)","(-14.494947153806708, -15.062533162230093, -13.580877024976408, -13.685327893008115)"
neuron_199,GPi,L,HFD,92.96784211091688,2.5429857274709895,0.3977272727272727,"(0.15900000000000014, 0.0, 0.13366666666666668, 0.13307692307692306)","(-13.02528713444801, -14.296564107824805, -11.63204300106746, -13.129305963640709)"
neuron_200,GPi,L,HFD,89.94741223528456,3.1902396723840307,0.4375,"(0.24228571428571458, 0.18850000000000044, 0.1451111111111111, 0.13440000000000013)","(-9.733838709382978, -13.787657448321692, -12.423131998987373, -13.867475823033965)"
neuron_201,GPi,L,HFD,114.55579588240006,2.9005781820634,0.417910447761194,"(0.19200000000000017, 0.18400000000000016, 0.14033333333333323, 0.16454545454545458)","(-12.900379122392353, -14.378378915576693, -10.042151991744046, -12.05191768161622)"
neuron_202,GPi,L,HFD,82.15673734441874,3.1753402972935847,0.4942528735632184,"(0.1459999999999999, 0.0, 0.14114285714285738, 0.394)","(-12.50326796566048, -13.810788315526645, -10.561138810141241, -13.088035331663924)"
neuron_203,GPi,L,HFD,112.8189822414565,2.2717503913209063,0.3142857142857143,"(0.1776000000000002, 0.1991428571428572, 0.16094117647058823, 0.1647777777777778)","(-11.973502816576149, -12.838620774989689, -12.968141714702014, -13.044875433572745)"
neuron_204,GPi,L,BOR,93.5042856130906,3.081630635970709,0.46153846153846156,"(0.2070000000000003, 0.18700000000000017, 0.139, 0.17580000000000007)","(-12.965699526317493, -12.589389116680572, -13.357841450150303, -13.56491401076526)"
neuron_205,STN,R,STN,36.60920194008087,5.492408182759032,0.6066176470588235,"(0.1946666666666664, 0.14000000000000012, 0.15100000000000002, 0.14333333333333323)","(-13.48363015026613, -13.162240111063817, -11.755872602491861, -12.457610943578095)"
neuron_206,STN,R,STN,34.32145217877663,4.87662250952134,0.5186246418338109,"(0.2284, 0.16300000000000003, 0.1705000000000001, 0.1660000000000001)","(-11.124241007819318, -14.037066812719896, -13.703713461181657, -11.718003963142747)"
neuron_207,STN,R,STN,60.177078452166626,3.992381975504253,0.4801980198019802,"(0.21359999999999996, 0.1929999999999998, 0.14119999999999985, 0.15771428571428572)","(-8.607275454873172, -11.267295739317325, -13.30582982084585, -12.129785946439162)"
neuron_208,GPi,R,HFD,98.02229000019183,3.6760183308803187,0.3880597014925373,"(0.2568571428571433, 0.259777777777778, 0.1547058823529413, 0.1538333333333332)","(-12.048789472296138, -12.422341262509793, -13.492291246201962, -13.279668277606849)"
neuron_209,GPi,R,HFD,97.20617225205628,2.0138085102704357,0.35106382978723405,"(0.18599999999999983, 0.22466666666666693, 0.11749999999999983, 0.10599999999999987)","(-10.523099373339996, -10.50078973081572, -12.056829233010252, -12.98334023190961)"
neuron_210,GPi,R,BOR,86.88147966740136,2.663758224800101,0.47368421052631576,"(0.13933333333333317, 0.18600000000000083, 0.17800000000000038, 0.1284)","(-12.796168131295113, -13.468603588330293, -13.329114330801286, -12.660875934800718)"
neuron_211,GPi,R,BOR,49.53998584571833,5.045878060393963,0.5071942446043165,"(0.23400000000000004, 0.1686666666666666, 0.1476666666666666, 0.1612)","(-11.241864477410369, -15.635248366136782, -13.753178492571456, -15.78459826502125)"
neuron_212,STN,R,SNr,75.24242546171489,2.248563477162646,0.2948717948717949,"(0.22500000000000003, 0.19399999999999995, 0.12199999999999966, 0.1163999999999999)","(-11.623713920044047, -14.391419517320493, -14.618391984738771, -12.477072684390269)"
neuron_213,STN,R,STN,51.062484876319154,3.916790256655362,0.5833333333333334,"(0.16033333333333274, 0.1150000000000001, 0.13933333333333334, 0.18700000000000055)","(-12.725837253925647, -14.384612397561208, -14.464825626135166, -13.5105224899517)"
neuron_214,STN,R,SNr,96.3031997514756,1.5778182157425462,0.28125,"(0.10200000000000001, 0.0, 0.12266666666666648, 0.1235)","(-14.202809587986373, -16.09350032289102, -11.474452536262994, -14.871888784363932)"
neuron_215,STN,R,SNr,94.04976019184652,2.0344091534336552,0.31088082901554404,"(0.0, 0.0, 0.0, 0.0)","(-13.01304056218579, -14.60230632261382, -14.19391394678927, -12.766892701778707)"
neuron_216,STN,R,STN,42.318508204330136,5.250984183097189,0.623574144486692,"(0.168, 0.13600000000000012, 0.12418181818181831, 0.13044444444444464)","(-11.755145565293223, -11.25150653563554, -11.785472495106255, -8.908011591033286)"
neuron_217,STN,R,SNr,97.19111667187988,2.0428547681127784,0.3626373626373626,"(0.18200000000000038, 0.20600000000000052, 0.13600000000000018, 0.1393333333333334)","(-14.569961878816253, -14.533369911069931, -14.87021351654853, -13.186196538281214)"
neuron_218,GPi,L,HFD,78.1649550085007,3.3869899947230593,0.3707865168539326,"(0.21080000000000024, 0.16759999999999967, 0.15657142857142872, 0.14309090909090927)","(-11.539306919872764, -12.822717649074262, -14.398255401553099, -13.755298842341245)"
neuron_219,GPi,L,HFD,86.06194690265487,3.3072085489275596,0.4090909090909091,"(0.0, 0.0, 0.1104999999999996, 0.13999999999999968)","(-13.0178694637952, -15.958913416599277, -15.066644530824663, -14.755345140831826)"
neuron_220,GPi,R,HFD,116.92826293058043,1.5645962283610277,0.2619047619047619,"(0.0, 0.0, 0.15800000000000003, 0.17599999999999927)","(-14.003224987493716, -15.928009109496239, -13.816235369666792, -12.159773224646809)"
neuron_221,GPi,L,HFD,135.97188116905002,2.8381755204527033,0.26666666666666666,"(0.19700000000000006, 0.0, 0.13199999999999967, 0.14500000000000046)","(-11.78492735221971, -14.801885101367295, -16.23146213277469, -15.19058723550367)"
neuron_222,GPi,R,BOR,45.526883020084206,3.260826600615292,0.5631578947368421,"(0.0, 0.0, 0.14763636363636348, 0.17199999999999988)","(-16.244997690610973, -16.251748093429946, -9.360247364322653, -10.150384996538083)"
neuron_223,STN,L,SNr,105.70147341447789,2.3140555919878913,0.23809523809523808,"(0.13533333333333322, 0.13199999999999967, 0.13439999999999994, 0.14199999999999985)","(-13.340946872016929, -16.01226378569776, -16.425127256273864, -13.206148572156035)"
neuron_224,STN,L,SNr,100.09761760282827,2.5578594136069364,0.25882352941176473,"(0.21699999999999972, 0.14350000000000063, 0.13215384615384596, 0.1414999999999996)","(-12.37439295493944, -14.267264900894157, -15.676134784513852, -15.892709028338132)"
neuron_225,STN,R,STN,71.79202479470877,2.991857820086274,0.6083916083916084,"(0.2413333333333333, 0.0, 0.11349999999999993, 0.10899999999999992)","(-12.023177040933625, -16.161023591023714, -14.34179298099248, -13.642688566453618)"
neuron_226,STN,R,STN,70.18356951715771,4.037082681313837,0.5957446808510638,"(0.227142857142857, 0.18400000000000005, 0.14625000000000005, 0.12563636363636355)","(-11.729417787158809, -15.61146629646755, -17.081290076657268, -17.96701045841252)"
neuron_227,STN,R,STN,76.24891055278974,3.4669847780991994,0.5474452554744526,"(0.15900000000000014, 0.0, 0.10399999999999998, 0.12549999999999994)","(-13.028463305771673, -14.842023407267718, -14.186977312351946, -14.892940803509516)"
neuron_228,STN,L,STN,30.0128399301953,3.4936984899865724,0.5967976710334789,"(0.19100000000000023, 0.13500000000000068, 0.15177777777777784, 0.1502)","(-12.33631104288975, -14.516670057310995, -12.8917838034808, -10.90394471228625)"
neuron_229,STN,L,STN,77.72643122624044,3.8608443501267846,0.45081967213114754,"(0.17400000000000015, 0.16949999999999976, 0.14563636363636362, 0.1526153846153844)","(-12.75389082792435, -12.56015198468647, -11.511118876136104, -12.645028051534853)"
neuron_230,STN,R,STN,73.52112131051733,3.931730990672865,0.3893129770992366,"(0.22842857142857126, 0.19371428571428592, 0.1547777777777778, 0.171304347826087)","(-10.915896187874644, -13.941467172409428, -14.91660773976188, -14.947467583303762)"
neuron_231,GPi,R,HFD,77.68936467853665,2.8860765515769518,0.5294117647058824,"(0.0, 0.13199999999999967, 0.24000000000000044, 0.15636363636363632)","(-14.164163471103603, -15.474674149524699, -13.541223270594662, -12.053985042589767)"
neuron_232,GPi,L,HFD,112.11906373196696,2.1282885879418214,0.36607142857142855,"(0.0, 0.0, 0.16150000000000014, 0.1285)","(-13.36115301893043, -14.325316226597092, -13.20177673694004, -13.71821056166793)"
neuron_233,GPi,L,HFD,110.90870182505104,2.505925504914054,0.3627450980392157,"(0.22300000000000003, 0.0, 0.12100000000000044, 0.1433333333333332)","(-11.424757605570107, -14.800311639048367, -14.838716099332856, -15.040974553351184)"
neuron_234,GPi,L,HFD,110.86885906743073,3.381787402316358,0.34375,"(0.19488888888888842, 0.13466666666666605, 0.14566666666666672, 0.1398333333333338)","(-11.64753487581196, -14.991595327371797, -16.505551208596742, -16.88684063092858)"
neuron_235,GPi,L,HFD,86.96978120589101,2.0272397510588265,0.40559440559440557,"(0.22266666666666657, 0.16199999999999992, 0.14545454545454575, 0.13428571428571437)","(-13.160938365922688, -14.066467443384559, -13.65533860138343, -12.237027033024514)"
neuron_236,STN,L,STN,61.44135841257872,3.202125994182929,0.425,"(0.17749999999999994, 0.1559999999999997, 0.12133333333333342, 0.12800000000000017)","(-11.722696737473221, -13.367493653372053, -13.292233715219187, -13.381200425546096)"
neuron_237,GPi,R,HFD,93.94657703174308,3.0836566609365126,0.3963963963963964,"(0.27828571428571436, 0.18399999999999989, 0.12288888888888902, 0.1504444444444444)","(-8.303011774778874, -12.5069747474184, -13.67896443009064, -12.391867907610678)"
neuron_238,GPi,R,BOR,55.68172737092023,4.596133400686477,0.609271523178808,"(0.25200000000000045, 0.17649999999999993, 0.15076923076923074, 0.13960000000000014)","(-9.902923986121772, -12.346105677350248, -10.963468817350432, -13.258996370536858)"
neuron_239,STN,L,SNr,90.8115745121512,2.4834684701630247,0.4806201550387597,"(0.19599999999999973, 0.1771428571428573, 0.11799999999999988, 0.1339999999999999)","(-13.668546095093152, -8.813896079839633, -12.629865736023822, -14.000194543343856)"
neuron_240,STN,L,SNr,101.45093985682018,2.096900189848665,0.4146341463414634,"(0.0, 0.0, 0.0, 0.0)","(-11.776530263742417, -14.951168252802823, -12.758432693227244, -13.572716043259838)"
neuron_241,GPi,L,HFD,76.4484024113778,2.8178904733986316,0.42105263157894735,"(0.13200000000000014, 0.19000000000000017, 0.15433333333333363, 0.14769230769230765)","(-12.718760635907447, -13.917416795224973, -12.865985102454909, -8.58637142889705)"
neuron_242,GPi,L,HFD,112.7831458894345,1.9248009363641476,0.2894736842105263,"(0.20520000000000005, 0.322, 0.1655555555555556, 0.13109090909090926)","(-12.141411851061818, -14.581254989484725, -14.49833206550434, -13.688285998747796)"
neuron_243,GPi,L,HFD,93.84365941138898,2.6289423473530076,0.4117647058823529,"(0.15899999999999992, 0.0, 0.0, 0.10599999999999987)","(-10.17809885443975, -13.050276191030935, -14.771942710451423, -13.234475557791159)"
neuron_244,GPi,L,HFD,65.68850144269138,2.7055698181789594,0.4878048780487805,"(0.15799999999999992, 0.18000000000000016, 0.15777777777777768, 0.17816666666666672)","(-14.73787929905374, -13.33766961036773, -11.345505178405597, -9.5186362883302)"
neuron_245,GPi,L,BOR,65.68032389548499,2.7945834018680658,0.5146443514644351,"(0.26274999999999993, 0.237000000000001, 0.1601, 0.15721739130434798)","(-12.764679564565979, -15.715422849955747, -12.493685175889478, -11.18296741332651)"
neuron_246,GPi,R,HFD,91.38534218844056,3.121291389229084,0.4298642533936652,"(0.19466666666666657, 0.17999999999999972, 0.15929411764705875, 0.15373333333333333)","(-11.800320051354854, -13.837440109214805, -14.079118668272073, -12.524100506286333)"
neuron_247,GPi,R,HFD,56.041740718735326,2.586128112848099,0.48504273504273504,"(0.10400000000000098, 0.0, 0.1291999999999996, 0.1533333333333334)","(-16.5814187160352, -14.566036938796268, -14.246535215790681, -11.5169308685266)"
neuron_248,GPi,R,HFD,131.49819403780953,1.8262950440917556,0.3125,"(0.0, 0.0, 0.0, 0.0)","(-12.748255900443644, -15.022788566348975, -15.790665209564537, -13.375191842062993)"
neuron_249,GPi,R,BOR,37.53327324673323,3.0667001700490495,0.5436337625178826,"(0.17999999999999972, 0.15799999999999947, 0.16909090909090924, 0.14111999999999983)","(-11.871239218284522, -15.114219127301933, -13.152361554899901, -11.829804481448251)"
neuron_250,GPi,R,BOR,68.7025555283001,3.3586932916469747,0.5368421052631579,"(0.18999999999999995, 0.0, 0.1319999999999999, 0.11971428571428573)","(-14.533376455656395, -13.602952995031906, -13.238144890377843, -12.520101609997294)"
neuron_251,GPi,R,BOR,46.16586997219142,3.9875711868353374,0.5190476190476191,"(0.17650000000000043, 0.23400000000000043, 0.16772413793103458, 0.17066666666666663)","(-13.410445806692623, -14.77669010632162, -12.670844660226475, -12.643734676777774)"
neuron_252,GPi,R,HFD,85.72248228629715,1.199735586161485,0.2787878787878788,"(0.26066666666666655, 0.24199999999999983, 0.16142857142857145, 0.11799999999999988)","(-9.85168330504355, -10.571690755990574, -13.03554737073183, -14.560087713895708)"
neuron_253,GPi,R,HFD,81.53257075215306,1.2245209354614333,0.2573099415204678,"(0.29999999999999954, 0.2753333333333332, 0.12775000000000006, 0.1546666666666671)","(-12.101484239292441, -13.722130437339068, -13.455323321449937, -11.50819563805939)"
neuron_254,GPi,R,HFD,103.87759806254809,2.968155242583061,0.4019607843137255,"(0.14800000000000002, 0.20199999999999974, 0.11879999999999998, 0.11400000000000077)","(-10.109355149667024, -10.511992734083604, -12.359229741812644, -13.567050511835815)"
neuron_255,GPi,R,HFD,70.81228163116675,3.610821698796916,0.4701492537313433,"(0.2976666666666669, 0.25300000000000006, 0.18959999999999994, 0.2136521739130434)","(-11.534676612448687, -13.906801485067195, -12.704162420127513, -13.190173578559182)"
neuron_256,GPi,R,HFD,88.1786416036704,3.293278151637026,0.4274193548387097,"(0.13039999999999985, 0.13933333333333325, 0.1269090909090911, 0.12366666666666665)","(-12.336040813051625, -11.765532758973944, -12.014412070669566, -13.110825633827151)"
neuron_257,GPi,R,HFD,68.63720879996377,3.6421192743340063,0.5406360424028268,"(0.16000000000000014, 0.16999999999999948, 0.14283333333333356, 0.15694736842105286)","(-13.250812907162828, -13.109695150800736, -12.557886832283238, -11.81807601746156)"
neuron_258,GPi,R,HFD,74.32286804968051,3.6049613806298786,0.40310077519379844,"(0.29285714285714265, 0.17600000000000018, 0.1664444444444445, 0.19854545454545447)","(-10.897736405307608, -13.174357419703975, -14.512972711755241, -13.102997066588248)"
neuron_259,GPi,R,HFD,50.03620043288895,4.305998468970555,0.6057142857142858,"(0.24733333333333363, 0.15799999999999959, 0.17320000000000008, 0.15238461538461529)","(-12.389011842395032, -13.287018104610205, -11.24599111173601, -11.248543152647908)"
neuron_260,STN,R,STN,60.65395812265958,2.080532930052074,0.30917874396135264,"(0.0, 0.0, 0.13399999999999979, 0.1280000000000001)","(-14.336452416526821, -16.256120445664433, -14.154712013132913, -13.309448084425512)"
neuron_261,STN,R,SNr,62.720711906883864,3.1532532244533447,0.46557377049180326,"(0.17700000000000007, 0.17, 0.22425000000000003, 0.16357142857142856)","(-12.511503557682104, -13.868865907231132, -12.45436999061634, -12.638269471936106)"
neuron_262,GPi,R,HFD,56.19892577135329,3.212423888146266,0.5139664804469274,"(0.11000000000000121, 0.16733333333333297, 0.13186666666666633, 0.1927500000000001)","(-13.842930130413846, -12.707023706451977, -12.219368857662104, -12.810247279880517)"
neuron_263,GPi,L,HFD,85.44178204256417,3.001216133574811,0.3902439024390244,"(0.2161818181818182, 0.17600000000000027, 0.17200000000000004, 0.2615609756097563)","(-14.246286071539274, -13.784118747335237, -13.013161751460405, -10.103306235414705)"
neuron_264,GPi,R,HFD,89.39564445977537,3.988433411403559,0.4583333333333333,"(0.19433333333333333, 0.18249999999999994, 0.1515294117647058, 0.16189473684210534)","(-12.256999583378068, -12.2543980197442, -13.378126667639618, -12.429323876565523)"
neuron_265,GPi,L,BOR,51.333343917527955,4.895831175043197,0.5123456790123457,"(0.2145, 0.21555555555555572, 0.13862500000000033, 0.14900000000000008)","(-12.609816562527092, -10.673751159437103, -14.269315766263235, -13.759482499289026)"
neuron_266,STN,L,STN,55.32640031271887,3.3947956641769323,0.569060773480663,"(0.154, 0.0, 0.12586666666666696, 0.15484210526315761)","(-12.48539806486042, -14.522489004007, -14.269996102086324, -12.549484949752717)"
neuron_267,STN,R,SNr,99.8912369536875,3.0452566069817433,0.36792452830188677,"(0.18959999999999969, 0.2194999999999987, 0.1480000000000002, 0.1340000000000002)","(-12.944619470738001, -12.859878656460648, -13.927977684691399, -14.559950531914751)"
neuron_268,STN,L,SNr,98.98597286919568,2.2543822579490045,0.3448275862068966,"(0.18050000000000013, 0.14300000000000035, 0.1504000000000003, 0.13999999999999993)","(-11.917584764596217, -14.183632933153046, -13.113685496197206, -13.25986082869896)"
neuron_269,STN,L,STN,35.03086537702128,11.051929581479786,0.7878787878787878,"(0.2430000000000001, 0.0, 0.1553333333333334, 0.14359999999999998)","(-10.78315834722405, -15.658783926565253, -15.552662472747931, -17.335300668131325)"
neuron_270,GPi,R,BOR,48.54665303815393,2.881961292433747,0.4406779661016949,"(0.17000000000000015, 0.0, 0.14699999999999985, 0.13199999999999967)","(-13.641815298303314, -12.626907831140437, -11.027900136924478, -12.923026898607535)"
neuron_271,GPi,R,BOR,44.69226518558639,2.501169327224912,0.5555555555555556,"(0.2816666666666669, 0.3524999999999996, 0.13781818181818173, 0.166)","(-9.651729607134747, -12.611234187565831, -15.030643009412717, -11.968520117934743)"
neuron_272,GPi,L,HFD,93.19841943497707,3.0130161377319697,0.415929203539823,"(0.2113999999999999, 0.2166, 0.1564285714285715, 0.1420000000000002)","(-11.229388796990952, -12.069294687486256, -12.577677335397006, -13.352130026563296)"
neuron_273,GPi,L,HFD,84.84207380375625,2.9168056970841088,0.48031496062992124,"(0.10799999999999965, 0.17600000000000016, 0.13288888888888897, 0.13799999999999946)","(-12.926826149430681, -13.179938583337279, -13.057828244053905, -13.209289013453088)"
neuron_274,GPi,L,HFD,97.39592340145066,5.009612575198212,0.42105263157894735,"(0.2890909090909092, 0.22079999999999997, 0.18482758620689654, 0.16504761904761894)","(-10.66943811212119, -10.552165289306581, -12.377029400592496, -14.179628612391957)"
neuron_275,GPi,L,HFD,59.52213943011059,3.6513580984720817,0.45569620253164556,"(0.17799999999999994, 0.0, 0.1406666666666663, 0.1219999999999996)","(-12.300201300716957, -13.851934238920023, -12.624233153233888, -13.127253882995856)"
neuron_276,GPi,L,HFD,128.63903448736355,3.531031416743601,0.3055555555555556,"(0.22457142857142862, 0.2539999999999999, 0.1928571428571429, 0.1462499999999997)","(-11.875066739265339, -12.911935119572435, -11.958354312297054, -13.868701816480653)"
neuron_277,GPi,L,BOR,46.29358906886537,6.048229084204573,0.6,"(0.23574999999999982, 0.281142857142857, 0.19758333333333322, 0.15573333333333317)","(-11.831906817161755, -11.814440302490478, -10.985406257692494, -13.97726433817015)"
neuron_278,GPi,L,BOR,49.56956604631381,2.138327486947908,0.4229390681003584,"(0.0, 0.0, 0.0, 0.0)","(-16.286025173270723, -14.251562170271232, -14.255013762738864, -12.540605568831161)"
neuron_279,GPi,L,BOR,42.55684099594703,5.2169188442390775,0.6919191919191919,"(0.18111111111111114, 0.16199999999999984, 0.16320000000000004, 0.14853333333333327)","(-11.547016668784078, -10.90571747368276, -9.786612014824307, -13.76992752247335)"
neuron_280,GPi,L,BOR,39.56369200722818,4.990763361758291,0.6634146341463415,"(0.1680000000000001, 0.17466666666666666, 0.12914285714285725, 0.1418571428571428)","(-13.668828992042183, -13.780646734218402, -13.64743168708129, -13.427862683901546)"
neuron_281,STN,R,SNr,62.554757522194855,1.1664341674759804,0.22807017543859648,"(0.0, 0.0, 0.0, 0.0)","(-17.15796982873869, -16.95179400554233, -15.468840404604249, -14.163273609113926)"
neuron_282,STN,R,STN,58.963028883902695,4.774011490077447,0.6544117647058824,"(0.2632, 0.2168571428571428, 0.18255555555555553, 0.1602105263157895)","(-11.89202537788066, -13.187809467643056, -13.158752650597629, -14.373364238757777)"
neuron_283,STN,L,SNr,126.68123233578545,2.3715606749214224,0.3068181818181818,"(0.20533333333333317, 0.16800000000000012, 0.1328333333333334, 0.19199999999999992)","(-12.41867668149418, -11.66592055717653, -12.216518716407762, -13.267625058111651)"
neuron_284,STN,L,STN,34.365625820956616,5.125472114021466,0.7131147540983607,"(0.23349999999999996, 0.13600000000000012, 0.16800000000000004, 0.11066666666666662)","(-9.495666325788916, -13.780291682942805, -13.669857678087649, -12.987503659517149)"
neuron_285,STN,R,SNr,94.70644539521496,1.9832425244164533,0.2900763358778626,"(0.0, 0.0, 0.0, 0.0)","(-14.115213674875553, -13.97027343595762, -14.108097139185835, -13.705887496020353)"
neuron_286,STN,R,STN,40.87471898630697,2.5720592951274925,0.5103092783505154,"(0.14400000000000013, 0.11599999999999966, 0.1330000000000003, 0.12188235294117626)","(-15.188030799618017, -15.096547036612833, -13.000321361742879, -11.092591327701928)"
neuron_287,STN,L,STN,56.379928745366655,3.2708623617651087,0.4748603351955307,"(0.12900000000000023, 0.17933333333333334, 0.19816666666666669, 0.15745454545454546)","(-14.02640427801771, -13.60078322628018, -11.988098187245505, -11.45609671497592)"
neuron_288,STN,L,SNr,100.62438215253634,2.0811349479642707,0.3770491803278688,"(0.0, 0.0, 0.1120000000000001, 0.12400000000000011)","(-14.56800461102361, -14.231570030652227, -12.743975107612018, -12.70937784735003)"
neuron_289,STN,R,SNr,61.7749003208266,3.411652803867229,0.35428571428571426,"(0.14400000000000013, 0.18299999999999983, 0.12339999999999988, 0.1375)","(-14.108251703939839, -15.257432904618856, -15.358724509573928, -14.671303209920861)"
neuron_290,STN,L,STN,50.70625374344974,4.384963719293764,0.6855670103092784,"(0.2023999999999999, 0.2513333333333336, 0.16434782608695658, 0.17976000000000014)","(-14.513858324950784, -13.224305825244365, -9.972362561699383, -11.93264869690369)"
neuron_291,STN,L,STN,61.597474503545364,4.4713742799622755,0.6530612244897959,"(0.0, 0.0, 0.13454545454545444, 0.1476249999999999)","(-14.214888525001491, -13.530796438658468, -8.893408624292697, -8.035528034658833)"
neuron_292,STN,L,STN,58.247000279485604,3.6766853089254834,0.6390532544378699,"(0.1546666666666665, 0.15266666666666642, 0.14999999999999997, 0.15483333333333338)","(-14.08164555931652, -13.823077817935923, -13.135130129749246, -11.942701360205618)"
neuron_293,STN,L,SNr,62.892178682710394,2.855487579680628,0.4708994708994709,"(0.11599999999999966, 0.19599999999999973, 0.13200000000000012, 0.1459999999999999)","(-11.57598009864145, -13.282864333574846, -12.53977666698651, -13.852682052367557)"
neuron_294,STN,L,STN,42.47493450404734,4.286984652210614,0.6681818181818182,"(0.16699999999999982, 0.22960000000000053, 0.14247619047619062, 0.13572727272727272)","(-13.391409913347568, -11.591719186149321, -12.306623575891072, -11.890457503220109)"
neuron_295,STN,R,SNr,80.93414155701437,2.5759629866881983,0.2916666666666667,"(0.10200000000000001, 0.1470000000000003, 0.18100000000000008, 0.13719999999999985)","(-13.230948489485193, -15.354170322638721, -15.23635764971049, -14.135428887288226)"
neuron_296,GPi,L,HFD,119.6707019161859,2.577360895001987,0.2916666666666667,"(0.25145454545454543, 0.25885714285714284, 0.14273684210526327, 0.15099999999999997)","(-11.691449772113424, -12.257756827237397, -13.048908812188792, -12.950979021953726)"
neuron_297,GPi,L,BOR,94.20599258551397,2.8769691261014714,0.4830508474576271,"(0.17999999999999994, 0.266, 0.15615384615384617, 0.14500000000000007)","(-9.85375166398546, -13.362810075696359, -12.434891135943676, -12.865809875086207)"
neuron_298,GPi,L,BOR,52.27683021182572,6.18474575601106,0.6344827586206897,"(0.38839999999999997, 0.3537777777777775, 0.13319999999999996, 0.2360000000000002)","(-7.4794218479231, -10.222923164020925, -12.702978763716647, -15.336945841097043)"
neuron_299,STN,R,SNr,115.67612985652708,2.400758160517405,0.44554455445544555,"(0.22959999999999994, 0.3006666666666668, 0.12120000000000002, 0.11)","(-9.555838583997012, -9.120170611317153, -9.81688857688607, -14.608738824612601)"
neuron_300,STN,R,SNr,118.48582323129386,2.6134675427332876,0.49473684210526314,"(0.44945454545454555, 0.30345833333333305, 0.16468181818181812, 0.1417142857142862)","(-8.840123648619073, -10.331102255013327, -11.32097561572831, -15.521972628993378)"
neuron_301,STN,R,STN,46.488391779187076,3.802816962143526,0.4774774774774775,"(0.2755, 0.15399999999999991, 0.14075000000000015, 0.11499999999999994)","(-6.877018857433233, -13.09723625249945, -14.261277627901656, -14.596139793540935)"
neuron_302,STN,R,STN,44.817507039562614,3.4326013704839187,0.5746606334841629,"(0.11800000000000033, 0.0, 0.14550000000000013, 0.1348000000000001)","(-13.943656850938343, -14.203425293424639, -11.768529707782013, -12.990427112591053)"
neuron_303,STN,R,SNr,84.14089247374224,2.347540630832507,0.31690140845070425,"(0.0, 0.0, 0.14400000000000013, 0.14266666666666664)","(-13.081148218004904, -14.460954569595366, -14.801305501769967, -13.822187782937759)"
neuron_304,STN,R,STN,47.28637406971013,3.2255161797000964,0.5235955056179775,"(0.10800000000000054, 0.0, 0.13488888888888914, 0.14046153846153822)","(-13.85399847932302, -14.145334741932016, -12.994717913666602, -12.704562097179483)"
neuron_305,STN,L,STN,55.05033823129829,3.5574702988194757,0.5901639344262295,"(0.2105000000000002, 0.22999999999999998, 0.17461538461538478, 0.15969230769230766)","(-11.90582395078215, -12.37790999204443, -13.21726526833128, -12.92435416610667)"
neuron_306,STN,L,STN,60.99051601647662,2.7549192381638745,0.48066298342541436,"(0.18200000000000038, 0.0, 0.14400000000000002, 0.1467999999999999)","(-13.203119655259766, -14.046870784953356, -12.791095878632465, -12.14276190338361)"
neuron_307,STN,R,STN,56.4399145481649,3.3810162267235726,0.550561797752809,"(0.20199999999999996, 0.14199999999999946, 0.13133333333333333, 0.13900000000000023)","(-12.163210510068021, -13.97441564269862, -13.20100524574963, -11.957840896630277)"
neuron_308,STN,R,STN,49.94809206127713,3.540694348537365,0.5536992840095465,"(0.1200000000000001, 0.0, 0.0, 0.12800000000000006)","(-11.422980602789636, -11.501498279841613, -12.820350434754456, -12.89204524081793)"
neuron_309,STN,R,STN,57.44858699336161,3.9687043806271607,0.610223642172524,"(0.0, 0.15599999999999992, 0.118, 0.14533333333333365)","(-12.222975627615673, -9.844404587941295, -12.181760424649688, -12.619041448705502)"
neuron_310,STN,R,STN,41.38364812977491,2.840192979886419,0.4681647940074906,"(0.0, 0.0, 0.0, 0.15533333333333318)","(-13.816322707419209, -14.136707337638775, -12.689194888652612, -12.890974273863327)"
neuron_311,GPi,R,HFD,74.98104817859398,3.6590600086151017,0.49193548387096775,"(0.19999999999999993, 0.242666666666666, 0.16033333333333322, 0.16914285714285704)","(-11.93085899945154, -14.104386706599739, -14.784190465349035, -13.531312001617069)"
neuron_312,GPi,R,HFD,63.6349475177399,3.53074519165877,0.4426229508196721,"(0.2668750000000001, 0.22177777777777744, 0.17518181818181805, 0.15799999999999995)","(-11.850226163659501, -12.231135913068837, -14.145497102762349, -14.049214976252351)"
neuron_313,GPi,R,HFD,36.51856360316494,5.924538716446279,0.5126903553299492,"(0.20500000000000002, 0.0, 0.16549999999999981, 0.1287999999999998)","(-9.866264009545016, -14.472871948091274, -14.160978528530935, -14.480932652771525)"
neuron_314,GPi,R,HFD,80.72806956281433,2.830476740288184,0.3282442748091603,"(0.3420000000000005, 0.0, 0.11099999999999977, 0.14533333333333331)","(-12.117366615548232, -14.33502973869685, -15.00002224942209, -13.617796310236091)"
neuron_315,GPi,R,BOR,40.37074003293011,3.263665430042761,0.5407554671968191,"(0.20399999999999974, 0.1739999999999995, 0.13912500000000028, 0.12577777777777788)","(-14.186538782159717, -14.303438551346092, -12.138097145997062, -13.46911221453089)"
neuron_316,GPi,R,BOR,39.464308552427234,3.0979920555919445,0.5025728987993139,"(0.0, 0.0, 0.1499999999999999, 0.14300000000000007)","(-14.2357192688299, -15.422641870990791, -12.73562195289982, -12.480276197410005)"
neuron_317,GPi,R,BOR,31.55655754368611,3.6773626244223245,0.5254424778761062,"(0.0, 0.0, 0.1591851851851852, 0.16145454545454563)","(-14.926604593624827, -14.748893932274147, -8.78916707656159, -11.562181203104107)"
neuron_318,GPi,R,BOR,32.774001248999255,3.4280132565470773,0.48615384615384616,"(0.21399999999999952, 0.0, 0.11400000000000032, 0.1345999999999999)","(-13.104697403716623, -14.03743648170682, -13.800213422802024, -12.422157435679313)"
neuron_319,STN,L,SNr,87.09922995858909,2.412062552455654,0.390625,"(0.1516, 0.22599999999999967, 0.1523076923076923, 0.138909090909091)","(-13.66186066893373, -13.943831968008647, -13.30650450081289, -13.34721073487829)"
neuron_320,GPi,R,HFD,75.53261602031975,2.9674192760006077,0.4482758620689655,"(0.0, 0.0, 0.0, 0.0)","(-12.04333354032718, -14.697096215529108, -15.473994414749573, -15.084537736285451)"
neuron_321,GPi,R,HFD,79.6829457526893,2.6755859736522263,0.42567567567567566,"(0.20999999999999996, 0.0, 0.11599999999999966, 0.0)","(-12.924579452448569, -13.115715555823517, -13.309608500971065, -13.958882181125464)"
neuron_322,GPi,R,HFD,94.50094933998497,2.3209728909566487,0.3411764705882353,"(0.0, 0.0, 0.0, 0.0)","(-12.89896346594779, -14.909524227501494, -14.880408856138382, -12.725422481272819)"
neuron_323,GPi,R,HFD,90.61376266753842,3.108782702206233,0.4462809917355372,"(0.19733333333333322, 0.2170000000000002, 0.1506000000000002, 0.13114285714285703)","(-10.90777336964769, -13.336757070271139, -13.607082199787898, -12.380207016606889)"
neuron_324,GPi,R,HFD,68.13024248126922,2.831929437869742,0.5279503105590062,"(0.16600000000000037, 0.0, 0.1512307692307693, 0.18999999999999995)","(-13.848569740851877, -16.593983497971085, -11.908387457860174, -11.338171784356412)"
neuron_325,GPi,R,BOR,29.258673393044187,4.156547083821023,0.4468937875751503,"(0.0, 0.0, 0.1453333333333334, 0.11828571428571441)","(-15.831634676056435, -14.526805520039371, -9.256279294407108, -12.144907530948718)"
neuron_326,GPi,R,BOR,52.19553396031241,4.412192517097631,0.5876923076923077,"(0.21699999999999994, 0.2605000000000001, 0.14786666666666684, 0.17325000000000002)","(-11.397525251209434, -12.981128345899256, -13.275246265790102, -12.188375585934574)"
neuron_327,STN,R,STN,39.67302979102181,3.711964007313823,0.6338028169014085,"(0.18099999999999983, 0.2539999999999996, 0.13306666666666653, 0.12830769230769232)","(-13.219904248386033, -13.821826854194834, -13.422871200156619, -11.678916937724459)"
neuron_328,STN,L,SNr,90.51244897385776,2.3120916264539466,0.3726937269372694,"(0.19399999999999995, 0.1419999999999999, 0.13542857142857176, 0.15933333333333335)","(-12.303261030359973, -14.581813561061058, -14.659866068428215, -13.804073082666477)"
neuron_329,STN,L,STN,39.4318415519829,3.0903067764547743,0.5391459074733096,"(0.0, 0.0, 0.117333333333333, 0.17650000000000007)","(-13.696877715396633, -14.40647757335476, -12.537823339715924, -11.398985136618382)"
neuron_330,STN,R,STN,51.83241353752467,4.069691329939755,0.5202312138728323,"(0.2360000000000003, 0.20057142857142868, 0.16849999999999993, 0.16656249999999984)","(-12.840881978908893, -13.110959182935973, -11.969110756802571, -12.411603009373465)"
neuron_331,STN,L,SNr,126.68701150265727,2.2996916396216367,0.3181818181818182,"(0.1615000000000003, 0.15542857142857125, 0.14308571428571437, 0.15773333333333311)","(-13.970977018717, -15.582597685759229, -14.635896995463614, -12.886761440910156)"
neuron_332,STN,R,SNr,127.31262321923835,2.796053967436099,0.3389830508474576,"(0.1571428571428571, 0.22599999999999998, 0.164875, 0.14244444444444448)","(-12.123170416209625, -13.158431770837684, -12.081709516581418, -14.620932288269643)"
neuron_333,STN,L,SNr,68.09752538456861,2.288654091381063,0.31092436974789917,"(0.0, 0.22199999999999953, 0.12599999999999986, 0.13874999999999993)","(-14.467816894502104, -13.440533052899468, -13.992236214213758, -12.387013732543153)"
neuron_334,STN,R,SNr,85.51163987873935,1.861993869451124,0.25,"(0.11400000000000121, 0.0, 0.14133333333333375, 0.11400000000000077)","(-13.096065563269434, -14.776088992815685, -14.121633638027589, -13.048571648508316)"
neuron_335,STN,L,STN,52.77669705837576,3.358962855000252,0.575,"(0.17200000000000004, 0.17200000000000015, 0.15100000000000002, 0.1435999999999999)","(-12.65503415010553, -13.819171267171912, -11.619973634782902, -12.416909424534454)"
neuron_336,STN,L,STN,51.2929986539294,1.5668704551104196,0.3184713375796178,"(0.0, 0.0, 0.0, 0.0)","(-17.372321054530254, -16.523720811094904, -14.883394737092019, -12.149394680198133)"
neuron_337,STN,L,STN,50.87666672548363,1.9169707544132149,0.35126050420168065,"(0.0, 0.0, 0.0, 0.10699999999999994)","(-17.04099768541888, -17.462492399222295, -14.782088563768523, -11.02365720269935)"
neuron_338,STN,L,SNr,69.2550859464806,2.096808325993509,0.3577981651376147,"(0.13299999999999984, 0.0, 0.12400000000000011, 0.12880000000000005)","(-13.748225489344104, -13.013459184982306, -13.840320644688875, -11.938736645652654)"
neuron_339,STN,L,STN,69.44989642906751,1.9901366640980063,0.330188679245283,"(0.0, 0.0, 0.10799999999999965, 0.11799999999999988)","(-14.374483374743228, -14.519362392999495, -14.861598220113448, -12.600485592412383)"
neuron_340,STN,R,SNr,106.98541583175063,1.806336212764083,0.25,"(0.0, 0.0, 0.0, 0.1080000000000001)","(-14.086330281527697, -15.556620692460966, -15.552453120792137, -13.724355466348324)"
neuron_341,STN,R,STN,36.07324238073253,4.101258308015551,0.6720430107526881,"(0.15700000000000003, 0.16399999999999954, 0.14675000000000005, 0.15907692307692342)","(-13.213147704430545, -13.329946392673202, -13.50535391248446, -12.907419228064757)"
neuron_342,STN,R,STN,69.63816051645813,5.3072897318763035,0.5405405405405406,"(0.19799999999999973, 0.2139999999999999, 0.2952558139534886, 0.14895238095238153)","(-13.703162755338425, -12.831361111862904, -7.264399090213902, -14.05672774114809)"
neuron_343,STN,R,STN,76.73817497913085,4.6019712520506735,0.4492753623188406,"(0.31899999999999984, 0.21199999999999974, 0.37621052631578955, 0.1674117647058823)","(-12.595138826980216, -15.72978911475856, -7.81423653323647, -13.504258145111878)"
neuron_344,STN,L,SNr,89.58438015935683,3.201614779659277,0.4675324675324675,"(0.0, 0.0, 0.0, 0.18300000000000005)","(-12.567450978341405, -15.756949224511096, -13.8570640501563, -13.28512284958768)"
neuron_345,STN,R,SNr,83.08503998209932,3.402009891268456,0.36470588235294116,"(0.13000000000000012, 0.132, 0.13466666666666674, 0.13888888888888903)","(-13.67798286145932, -15.248915275841966, -14.21716573295235, -14.271745527109953)"
neuron_346,STN,L,STN,49.56285561348903,3.9119931319201284,0.6156583629893239,"(0.24650000000000005, 0.19733333333333355, 0.1554666666666668, 0.15269999999999984)","(-12.0938088870298, -13.109350262574972, -13.030331465017555, -13.847877714541319)"
neuron_347,STN,R,SNr,82.2365859356748,2.434475053908278,0.3163265306122449,"(0.2353333333333334, 0.19866666666666669, 0.15320000000000006, 0.15224999999999983)","(-12.389831463591982, -15.128874681680562, -15.134270283445785, -14.497808137449601)"
neuron_348,STN,L,STN,42.5536534265461,2.850596681521899,0.4961439588688946,"(0.0, 0.0, 0.11800000000000059, 0.15285714285714258)","(-14.94847630056807, -14.460699463751688, -13.371102142594179, -11.641772590033977)"
neuron_349,STN,L,STN,32.383285242770846,2.889809740733898,0.6143667296786389,"(0.266, 0.21285714285714263, 0.15482352941176436, 0.15863636363636371)","(-11.148416541326277, -13.544752334995922, -13.587609678009922, -12.007529679114715)"
neuron_350,STN,L,SNr,79.12792347628667,2.0383362470440303,0.37719298245614036,"(0.3039999999999998, 0.0, 0.127, 0.1213333333333333)","(-13.304667451835428, -14.692844597831545, -13.55664040419737, -11.184400127058518)"
neuron_351,STN,R,STN,33.44594309977337,3.028736423419464,0.5311203319502075,"(0.16199999999999992, 0.0, 0.12272727272727274, 0.14399999999999985)","(-13.865814905019409, -15.60961930907322, -12.592626389477592, -12.47709854533795)"
neuron_352,STN,R,STN,53.629029077975034,3.5697375506333535,0.6030534351145038,"(0.0, 0.14199999999999946, 0.11559999999999997, 0.1624999999999997)","(-13.589994650814328, -13.249999983043343, -12.238999207313237, -13.80405273947192)"
neuron_353,STN,L,SNr,73.64920808739083,2.070521792355273,0.25833333333333336,"(0.0, 0.0, 0.16249999999999995, 0.13750000000000012)","(-14.99870879195657, -15.327377499100677, -14.359774255729679, -13.105872450070263)"
neuron_354,STN,R,SNr,75.8425173881733,2.5406452962744783,0.5071090047393365,"(0.0, 0.13800000000000012, 0.14149999999999988, 0.1284444444444446)","(-15.54719276833785, -15.425792189664318, -14.051828334880437, -13.784590856718852)"
neuron_355,STN,R,STN,78.36201009750474,3.2161033261883634,0.3953488372093023,"(0.19299999999999984, 0.12600000000000033, 0.15428571428571417, 0.228375)","(-10.918436596431487, -13.596787270426066, -14.262472674455617, -8.623655258388682)"
neuron_356,STN,R,STN,62.03401434380036,2.3441680414744446,0.3795620437956204,"(0.0, 0.0, 0.11099999999999932, 0.11199999999999999)","(-15.003489377120944, -14.155285385925975, -12.648971238226622, -12.397023390788549)"
neuron_357,STN,R,SNr,65.5985449293194,1.9036525243783495,0.3333333333333333,"(0.0, 0.0, 0.0, 0.1419999999999999)","(-14.598018311075911, -17.023999189664085, -17.099123904303518, -14.010526063693751)"
neuron_358,STN,L,SNr,95.13208518433096,4.574609160734589,0.28,"(0.1643999999999997, 0.15800000000000006, 0.14366666666666694, 0.13444444444444414)","(-14.210785976214993, -17.423487782757967, -17.773379787231725, -17.56202134277795)"
neuron_359,STN,R,STN,62.89224195486714,2.237899948572569,0.36764705882352944,"(0.11599999999999999, 0.0, 0.1180000000000001, 0.16800000000000004)","(-13.458228995315393, -14.780315229432077, -13.400492187115598, -11.407507921619114)"
neuron_360,STN,L,STN,40.626112181790106,5.955626431617149,0.464,"(0.20942857142857124, 0.15399999999999991, 0.14987499999999973, 0.1481538461538462)","(-13.22676683371447, -14.060162337302897, -15.410759745163185, -14.800169230239021)"
